"pred","ci.lb","ci.ub","dose"
1,1,1,4
0.29,0.13,0.68,0
0.29,0.13,0.68,0.01
0.3,0.13,0.68,0.02
0.3,0.13,0.68,0.03
0.3,0.13,0.68,0.04
0.3,0.13,0.68,0.05
0.3,0.13,0.68,0.06
0.3,0.13,0.68,0.07
0.3,0.13,0.68,0.08
0.3,0.13,0.69,0.09
0.3,0.13,0.69,0.1
0.3,0.13,0.69,0.11
0.31,0.14,0.69,0.12
0.31,0.14,0.69,0.13
0.31,0.14,0.69,0.14
0.31,0.14,0.69,0.15
0.31,0.14,0.69,0.16
0.31,0.14,0.69,0.17
0.31,0.14,0.69,0.18
0.31,0.14,0.69,0.19
0.31,0.14,0.69,0.2
0.31,0.14,0.69,0.21
0.32,0.14,0.69,0.22
0.32,0.14,0.7,0.23
0.32,0.14,0.7,0.24
0.32,0.15,0.7,0.25
0.32,0.15,0.7,0.26
0.32,0.15,0.7,0.27
0.32,0.15,0.7,0.28
0.32,0.15,0.7,0.29
0.32,0.15,0.7,0.3
0.32,0.15,0.7,0.31
0.33,0.15,0.7,0.32
0.33,0.15,0.7,0.33
0.33,0.15,0.7,0.34
0.33,0.15,0.7,0.35
0.33,0.15,0.7,0.36
0.33,0.15,0.71,0.37
0.33,0.16,0.71,0.38
0.33,0.16,0.71,0.39
0.33,0.16,0.71,0.4
0.33,0.16,0.71,0.41
0.34,0.16,0.71,0.42
0.34,0.16,0.71,0.43
0.34,0.16,0.71,0.44
0.34,0.16,0.71,0.45
0.34,0.16,0.71,0.46
0.34,0.16,0.71,0.47
0.34,0.16,0.71,0.48
0.34,0.16,0.71,0.49
0.34,0.17,0.71,0.5
0.35,0.17,0.72,0.51
0.35,0.17,0.72,0.52
0.35,0.17,0.72,0.53
0.35,0.17,0.72,0.54
0.35,0.17,0.72,0.55
0.35,0.17,0.72,0.56
0.35,0.17,0.72,0.57
0.35,0.17,0.72,0.58
0.35,0.17,0.72,0.59
0.36,0.17,0.72,0.6
0.36,0.18,0.72,0.61
0.36,0.18,0.72,0.62
0.36,0.18,0.72,0.63
0.36,0.18,0.73,0.64
0.36,0.18,0.73,0.65
0.36,0.18,0.73,0.66
0.36,0.18,0.73,0.67
0.36,0.18,0.73,0.68
0.37,0.18,0.73,0.69
0.37,0.18,0.73,0.7
0.37,0.18,0.73,0.71
0.37,0.19,0.73,0.72
0.37,0.19,0.73,0.73
0.37,0.19,0.73,0.74
0.37,0.19,0.73,0.75
0.37,0.19,0.73,0.76
0.37,0.19,0.74,0.77
0.38,0.19,0.74,0.78
0.38,0.19,0.74,0.79
0.38,0.19,0.74,0.8
0.38,0.19,0.74,0.81
0.38,0.2,0.74,0.82
0.38,0.2,0.74,0.83
0.38,0.2,0.74,0.84
0.38,0.2,0.74,0.85
0.39,0.2,0.74,0.86
0.39,0.2,0.74,0.87
0.39,0.2,0.74,0.88
0.39,0.2,0.74,0.89
0.39,0.2,0.75,0.9
0.39,0.21,0.75,0.91
0.39,0.21,0.75,0.92
0.39,0.21,0.75,0.93
0.4,0.21,0.75,0.94
0.4,0.21,0.75,0.95
0.4,0.21,0.75,0.96
0.4,0.21,0.75,0.97
0.4,0.21,0.75,0.98
0.4,0.21,0.75,0.99
0.4,0.22,0.75,1
0.4,0.22,0.75,1.01
0.41,0.22,0.75,1.02
0.41,0.22,0.76,1.03
0.41,0.22,0.76,1.04
0.41,0.22,0.76,1.05
0.41,0.22,0.76,1.06
0.41,0.22,0.76,1.07
0.41,0.22,0.76,1.08
0.41,0.23,0.76,1.09
0.42,0.23,0.76,1.1
0.42,0.23,0.76,1.11
0.42,0.23,0.76,1.12
0.42,0.23,0.76,1.13
0.42,0.23,0.76,1.14
0.42,0.23,0.76,1.15
0.42,0.23,0.77,1.16
0.42,0.24,0.77,1.17
0.43,0.24,0.77,1.18
0.43,0.24,0.77,1.19
0.43,0.24,0.77,1.2
0.43,0.24,0.77,1.21
0.43,0.24,0.77,1.22
0.43,0.24,0.77,1.23
0.43,0.24,0.77,1.24
0.44,0.25,0.77,1.25
0.44,0.25,0.77,1.26
0.44,0.25,0.77,1.27
0.44,0.25,0.77,1.28
0.44,0.25,0.78,1.29
0.44,0.25,0.78,1.3
0.44,0.25,0.78,1.31
0.45,0.25,0.78,1.32
0.45,0.26,0.78,1.33
0.45,0.26,0.78,1.34
0.45,0.26,0.78,1.35
0.45,0.26,0.78,1.36
0.45,0.26,0.78,1.37
0.45,0.26,0.78,1.38
0.46,0.26,0.78,1.39
0.46,0.27,0.78,1.4
0.46,0.27,0.79,1.41
0.46,0.27,0.79,1.42
0.46,0.27,0.79,1.43
0.46,0.27,0.79,1.44
0.46,0.27,0.79,1.45
0.47,0.27,0.79,1.46
0.47,0.28,0.79,1.47
0.47,0.28,0.79,1.48
0.47,0.28,0.79,1.49
0.47,0.28,0.79,1.5
0.47,0.28,0.79,1.51
0.47,0.28,0.79,1.52
0.48,0.28,0.8,1.53
0.48,0.29,0.8,1.54
0.48,0.29,0.8,1.55
0.48,0.29,0.8,1.56
0.48,0.29,0.8,1.57
0.48,0.29,0.8,1.58
0.48,0.29,0.8,1.59
0.49,0.29,0.8,1.6
0.49,0.3,0.8,1.61
0.49,0.3,0.8,1.62
0.49,0.3,0.8,1.63
0.49,0.3,0.8,1.64
0.49,0.3,0.8,1.65
0.5,0.3,0.81,1.66
0.5,0.31,0.81,1.67
0.5,0.31,0.81,1.68
0.5,0.31,0.81,1.69
0.5,0.31,0.81,1.7
0.5,0.31,0.81,1.71
0.5,0.31,0.81,1.72
0.51,0.32,0.81,1.73
0.51,0.32,0.81,1.74
0.51,0.32,0.81,1.75
0.51,0.32,0.81,1.76
0.51,0.32,0.81,1.77
0.51,0.32,0.82,1.78
0.52,0.33,0.82,1.79
0.52,0.33,0.82,1.8
0.52,0.33,0.82,1.81
0.52,0.33,0.82,1.82
0.52,0.33,0.82,1.83
0.52,0.33,0.82,1.84
0.53,0.34,0.82,1.85
0.53,0.34,0.82,1.86
0.53,0.34,0.82,1.87
0.53,0.34,0.82,1.88
0.53,0.34,0.82,1.89
0.53,0.35,0.83,1.9
0.54,0.35,0.83,1.91
0.54,0.35,0.83,1.92
0.54,0.35,0.83,1.93
0.54,0.35,0.83,1.94
0.54,0.35,0.83,1.95
0.54,0.36,0.83,1.96
0.55,0.36,0.83,1.97
0.55,0.36,0.83,1.98
0.55,0.36,0.83,1.99
0.55,0.36,0.83,2
0.55,0.37,0.83,2.01
0.55,0.37,0.84,2.02
0.56,0.37,0.84,2.03
0.56,0.37,0.84,2.04
0.56,0.37,0.84,2.05
0.56,0.37,0.84,2.06
0.56,0.38,0.84,2.07
0.56,0.38,0.84,2.08
0.57,0.38,0.84,2.09
0.57,0.38,0.84,2.1
0.57,0.38,0.84,2.11
0.57,0.39,0.84,2.12
0.57,0.39,0.84,2.13
0.57,0.39,0.85,2.14
0.58,0.39,0.85,2.15
0.58,0.39,0.85,2.16
0.58,0.4,0.85,2.17
0.58,0.4,0.85,2.18
0.58,0.4,0.85,2.19
0.59,0.4,0.85,2.2
0.59,0.41,0.85,2.21
0.59,0.41,0.85,2.22
0.59,0.41,0.85,2.23
0.59,0.41,0.85,2.24
0.59,0.41,0.86,2.25
0.6,0.42,0.86,2.26
0.6,0.42,0.86,2.27
0.6,0.42,0.86,2.28
0.6,0.42,0.86,2.29
0.6,0.42,0.86,2.3
0.61,0.43,0.86,2.31
0.61,0.43,0.86,2.32
0.61,0.43,0.86,2.33
0.61,0.43,0.86,2.34
0.61,0.44,0.86,2.35
0.62,0.44,0.86,2.36
0.62,0.44,0.87,2.37
0.62,0.44,0.87,2.38
0.62,0.44,0.87,2.39
0.62,0.45,0.87,2.4
0.62,0.45,0.87,2.41
0.63,0.45,0.87,2.42
0.63,0.45,0.87,2.43
0.63,0.46,0.87,2.44
0.63,0.46,0.87,2.45
0.63,0.46,0.87,2.46
0.64,0.46,0.87,2.47
0.64,0.47,0.87,2.48
0.64,0.47,0.88,2.49
0.64,0.47,0.88,2.5
0.64,0.47,0.88,2.51
0.65,0.48,0.88,2.52
0.65,0.48,0.88,2.53
0.65,0.48,0.88,2.54
0.65,0.48,0.88,2.55
0.65,0.49,0.88,2.56
0.66,0.49,0.88,2.57
0.66,0.49,0.88,2.58
0.66,0.49,0.88,2.59
0.66,0.5,0.88,2.6
0.66,0.5,0.89,2.61
0.67,0.5,0.89,2.62
0.67,0.5,0.89,2.63
0.67,0.51,0.89,2.64
0.67,0.51,0.89,2.65
0.67,0.51,0.89,2.66
0.68,0.51,0.89,2.67
0.68,0.52,0.89,2.68
0.68,0.52,0.89,2.69
0.68,0.52,0.89,2.7
0.68,0.52,0.89,2.71
0.69,0.53,0.89,2.72
0.69,0.53,0.9,2.73
0.69,0.53,0.9,2.74
0.69,0.54,0.9,2.75
0.7,0.54,0.9,2.76
0.7,0.54,0.9,2.77
0.7,0.54,0.9,2.78
0.7,0.55,0.9,2.79
0.7,0.55,0.9,2.8
0.71,0.55,0.9,2.81
0.71,0.55,0.9,2.82
0.71,0.56,0.9,2.83
0.71,0.56,0.9,2.84
0.71,0.56,0.91,2.85
0.72,0.57,0.91,2.86
0.72,0.57,0.91,2.87
0.72,0.57,0.91,2.88
0.72,0.57,0.91,2.89
0.73,0.58,0.91,2.9
0.73,0.58,0.91,2.91
0.73,0.58,0.91,2.92
0.73,0.59,0.91,2.93
0.73,0.59,0.91,2.94
0.74,0.59,0.91,2.95
0.74,0.6,0.92,2.96
0.74,0.6,0.92,2.97
0.74,0.6,0.92,2.98
0.75,0.6,0.92,2.99
0.75,0.61,0.92,3
0.75,0.61,0.92,3.01
0.75,0.61,0.92,3.02
0.75,0.62,0.92,3.03
0.76,0.62,0.92,3.04
0.76,0.62,0.92,3.05
0.76,0.63,0.92,3.06
0.76,0.63,0.92,3.07
0.77,0.63,0.93,3.08
0.77,0.64,0.93,3.09
0.77,0.64,0.93,3.1
0.77,0.64,0.93,3.11
0.77,0.65,0.93,3.12
0.78,0.65,0.93,3.13
0.78,0.65,0.93,3.14
0.78,0.66,0.93,3.15
0.78,0.66,0.93,3.16
0.79,0.66,0.93,3.17
0.79,0.67,0.93,3.18
0.79,0.67,0.93,3.19
0.79,0.67,0.94,3.2
0.8,0.68,0.94,3.21
0.8,0.68,0.94,3.22
0.8,0.68,0.94,3.23
0.8,0.69,0.94,3.24
0.81,0.69,0.94,3.25
0.81,0.69,0.94,3.26
0.81,0.7,0.94,3.27
0.81,0.7,0.94,3.28
0.81,0.7,0.94,3.29
0.82,0.71,0.94,3.3
0.82,0.71,0.94,3.31
0.82,0.71,0.95,3.32
0.82,0.72,0.95,3.33
0.83,0.72,0.95,3.34
0.83,0.73,0.95,3.35
0.83,0.73,0.95,3.36
0.83,0.73,0.95,3.37
0.84,0.74,0.95,3.38
0.84,0.74,0.95,3.39
0.84,0.74,0.95,3.4
0.84,0.75,0.95,3.41
0.85,0.75,0.95,3.42
0.85,0.76,0.95,3.43
0.85,0.76,0.96,3.44
0.85,0.76,0.96,3.45
0.86,0.77,0.96,3.46
0.86,0.77,0.96,3.47
0.86,0.77,0.96,3.48
0.86,0.78,0.96,3.49
0.87,0.78,0.96,3.5
0.87,0.79,0.96,3.51
0.87,0.79,0.96,3.52
0.87,0.79,0.96,3.53
0.88,0.8,0.96,3.54
0.88,0.8,0.96,3.55
0.88,0.81,0.96,3.56
0.88,0.81,0.97,3.57
0.89,0.81,0.97,3.58
0.89,0.82,0.97,3.59
0.89,0.82,0.97,3.6
0.89,0.83,0.97,3.61
0.9,0.83,0.97,3.62
0.9,0.83,0.97,3.63
0.9,0.84,0.97,3.64
0.9,0.84,0.97,3.65
0.91,0.85,0.97,3.66
0.91,0.85,0.97,3.67
0.91,0.85,0.97,3.68
0.92,0.86,0.98,3.69
0.92,0.86,0.98,3.7
0.92,0.87,0.98,3.71
0.92,0.87,0.98,3.72
0.93,0.88,0.98,3.73
0.93,0.88,0.98,3.74
0.93,0.88,0.98,3.75
0.93,0.89,0.98,3.76
0.94,0.89,0.98,3.77
0.94,0.9,0.98,3.78
0.94,0.9,0.98,3.79
0.94,0.91,0.98,3.8
0.95,0.91,0.99,3.81
0.95,0.92,0.99,3.82
0.95,0.92,0.99,3.83
0.96,0.92,0.99,3.84
0.96,0.93,0.99,3.85
0.96,0.93,0.99,3.86
0.96,0.94,0.99,3.87
0.97,0.94,0.99,3.88
0.97,0.95,0.99,3.89
0.97,0.95,0.99,3.9
0.97,0.96,0.99,3.91
0.98,0.96,0.99,3.92
0.98,0.97,0.99,3.93
0.98,0.97,1,3.94
0.99,0.98,1,3.95
0.99,0.98,1,3.96
0.99,0.99,1,3.97
0.99,0.99,1,3.98
1,1,1,3.99
1,1,1,4.01
1.01,1,1.01,4.02
1.01,1,1.01,4.03
1.01,1,1.02,4.04
1.01,1,1.02,4.05
1.02,1,1.03,4.06
1.02,1.01,1.03,4.07
1.02,1.01,1.04,4.08
1.03,1.01,1.04,4.09
1.03,1.01,1.05,4.1
1.03,1.01,1.05,4.11
1.03,1.01,1.06,4.12
1.04,1.01,1.07,4.13
1.04,1.01,1.07,4.14
1.04,1.01,1.08,4.15
1.05,1.01,1.08,4.16
1.05,1.01,1.09,4.17
1.05,1.01,1.09,4.18
1.05,1.01,1.1,4.19
1.06,1.02,1.1,4.2
1.06,1.02,1.11,4.21
1.06,1.02,1.11,4.22
1.07,1.02,1.12,4.23
1.07,1.02,1.12,4.24
1.07,1.02,1.13,4.25
1.08,1.02,1.13,4.26
1.08,1.02,1.14,4.27
1.08,1.02,1.14,4.28
1.08,1.02,1.15,4.29
1.09,1.02,1.16,4.3
1.09,1.02,1.16,4.31
1.09,1.02,1.17,4.32
1.1,1.02,1.17,4.33
1.1,1.03,1.18,4.34
1.1,1.03,1.18,4.35
1.11,1.03,1.19,4.36
1.11,1.03,1.19,4.37
1.11,1.03,1.2,4.38
1.11,1.03,1.21,4.39
1.12,1.03,1.21,4.4
1.12,1.03,1.22,4.41
1.12,1.03,1.22,4.42
1.13,1.03,1.23,4.43
1.13,1.03,1.24,4.44
1.13,1.03,1.24,4.45
1.14,1.03,1.25,4.46
1.14,1.04,1.25,4.47
1.14,1.04,1.26,4.48
1.15,1.04,1.27,4.49
1.15,1.04,1.27,4.5
1.15,1.04,1.28,4.51
1.15,1.04,1.28,4.52
1.16,1.04,1.29,4.53
1.16,1.04,1.3,4.54
1.16,1.04,1.3,4.55
1.17,1.04,1.31,4.56
1.17,1.04,1.31,4.57
1.17,1.04,1.32,4.58
1.18,1.04,1.33,4.59
1.18,1.04,1.33,4.6
1.18,1.04,1.34,4.61
1.19,1.05,1.34,4.62
1.19,1.05,1.35,4.63
1.19,1.05,1.36,4.64
1.2,1.05,1.36,4.65
1.2,1.05,1.37,4.66
1.2,1.05,1.38,4.67
1.2,1.05,1.38,4.68
1.21,1.05,1.39,4.69
1.21,1.05,1.4,4.7
1.21,1.05,1.4,4.71
1.22,1.05,1.41,4.72
1.22,1.05,1.42,4.73
1.22,1.05,1.42,4.74
1.23,1.05,1.43,4.75
1.23,1.05,1.44,4.76
1.23,1.06,1.44,4.77
1.24,1.06,1.45,4.78
1.24,1.06,1.46,4.79
1.24,1.06,1.46,4.8
1.25,1.06,1.47,4.81
1.25,1.06,1.48,4.82
1.25,1.06,1.48,4.83
1.26,1.06,1.49,4.84
1.26,1.06,1.5,4.85
1.26,1.06,1.5,4.86
1.27,1.06,1.51,4.87
1.27,1.06,1.52,4.88
1.27,1.06,1.52,4.89
1.28,1.06,1.53,4.9
1.28,1.06,1.54,4.91
1.28,1.07,1.55,4.92
1.29,1.07,1.55,4.93
1.29,1.07,1.56,4.94
1.29,1.07,1.57,4.95
1.3,1.07,1.57,4.96
1.3,1.07,1.58,4.97
1.3,1.07,1.59,4.98
1.31,1.07,1.6,4.99
1.31,1.07,1.6,5
1.31,1.07,1.61,5.01
1.32,1.07,1.62,5.02
1.32,1.07,1.63,5.03
1.32,1.07,1.63,5.04
1.33,1.07,1.64,5.05
1.33,1.07,1.65,5.06
1.33,1.07,1.66,5.07
1.34,1.08,1.66,5.08
1.34,1.08,1.67,5.09
1.34,1.08,1.68,5.1
1.35,1.08,1.69,5.11
1.35,1.08,1.69,5.12
1.35,1.08,1.7,5.13
1.36,1.08,1.71,5.14
1.36,1.08,1.72,5.15
1.36,1.08,1.72,5.16
1.37,1.08,1.73,5.17
1.37,1.08,1.74,5.18
1.38,1.08,1.75,5.19
1.38,1.08,1.76,5.2
1.38,1.08,1.76,5.21
1.39,1.08,1.77,5.22
1.39,1.08,1.78,5.23
1.39,1.08,1.79,5.24
1.4,1.08,1.8,5.25
1.4,1.09,1.8,5.26
1.4,1.09,1.81,5.27
1.41,1.09,1.82,5.28
1.41,1.09,1.83,5.29
1.41,1.09,1.84,5.3
1.42,1.09,1.84,5.31
1.42,1.09,1.85,5.32
1.42,1.09,1.86,5.33
1.43,1.09,1.87,5.34
1.43,1.09,1.88,5.35
1.43,1.09,1.89,5.36
1.44,1.09,1.89,5.37
1.44,1.09,1.9,5.38
1.45,1.09,1.91,5.39
1.45,1.09,1.92,5.4
1.45,1.09,1.93,5.41
1.46,1.09,1.94,5.42
1.46,1.09,1.95,5.43
1.46,1.1,1.95,5.44
1.47,1.1,1.96,5.45
1.47,1.1,1.97,5.46
1.47,1.1,1.98,5.47
1.48,1.1,1.99,5.48
1.48,1.1,2,5.49
1.48,1.1,2.01,5.5
1.49,1.1,2.02,5.51
1.49,1.1,2.02,5.52
1.5,1.1,2.03,5.53
1.5,1.1,2.04,5.54
1.5,1.1,2.05,5.55
1.51,1.1,2.06,5.56
1.51,1.1,2.07,5.57
1.51,1.1,2.08,5.58
1.52,1.1,2.09,5.59
1.52,1.1,2.1,5.6
1.52,1.1,2.11,5.61
1.53,1.1,2.12,5.62
1.53,1.1,2.12,5.63
1.54,1.1,2.13,5.64
1.54,1.11,2.14,5.65
1.54,1.11,2.15,5.66
1.55,1.11,2.16,5.67
1.55,1.11,2.17,5.68
1.55,1.11,2.18,5.69
1.56,1.11,2.19,5.7
1.56,1.11,2.2,5.71
1.56,1.11,2.21,5.72
1.57,1.11,2.22,5.73
1.57,1.11,2.23,5.74
1.58,1.11,2.24,5.75
1.58,1.11,2.25,5.76
1.58,1.11,2.26,5.77
1.59,1.11,2.27,5.78
1.59,1.11,2.28,5.79
1.59,1.11,2.29,5.8
1.6,1.11,2.3,5.81
1.6,1.11,2.31,5.82
1.61,1.11,2.32,5.83
1.61,1.11,2.33,5.84
1.61,1.11,2.34,5.85
1.62,1.11,2.35,5.86
1.62,1.11,2.36,5.87
1.62,1.12,2.37,5.88
1.63,1.12,2.38,5.89
1.63,1.12,2.39,5.9
1.64,1.12,2.4,5.91
1.64,1.12,2.41,5.92
1.64,1.12,2.42,5.93
1.65,1.12,2.43,5.94
1.65,1.12,2.44,5.95
1.65,1.12,2.45,5.96
1.66,1.12,2.46,5.97
1.66,1.12,2.47,5.98
1.67,1.12,2.48,5.99
1.67,1.12,2.49,6
1.67,1.12,2.5,6.01
1.68,1.12,2.51,6.02
1.68,1.12,2.52,6.03
1.68,1.12,2.53,6.04
1.69,1.12,2.54,6.05
1.69,1.12,2.55,6.06
1.7,1.12,2.56,6.07
1.7,1.12,2.57,6.08
1.7,1.12,2.58,6.09
1.71,1.12,2.59,6.1
1.71,1.12,2.61,6.11
1.71,1.12,2.62,6.12
1.72,1.12,2.63,6.13
1.72,1.12,2.64,6.14
1.73,1.12,2.65,6.15
1.73,1.12,2.66,6.16
1.73,1.13,2.67,6.17
1.74,1.13,2.68,6.18
1.74,1.13,2.69,6.19
1.75,1.13,2.7,6.2
1.75,1.13,2.72,6.21
1.75,1.13,2.73,6.22
1.76,1.13,2.74,6.23
1.76,1.13,2.75,6.24
1.76,1.13,2.76,6.25
1.77,1.13,2.77,6.26
1.77,1.13,2.78,6.27
1.78,1.13,2.79,6.28
1.78,1.13,2.81,6.29
1.78,1.13,2.82,6.3
1.79,1.13,2.83,6.31
1.79,1.13,2.84,6.32
1.79,1.13,2.85,6.33
1.8,1.13,2.86,6.34
1.8,1.13,2.87,6.35
1.81,1.13,2.89,6.36
1.81,1.13,2.9,6.37
1.81,1.13,2.91,6.38
1.82,1.13,2.92,6.39
1.82,1.13,2.93,6.4
1.83,1.13,2.95,6.41
1.83,1.13,2.96,6.42
1.83,1.13,2.97,6.43
1.84,1.13,2.98,6.44
1.84,1.13,2.99,6.45
1.84,1.13,3.01,6.46
1.85,1.13,3.02,6.47
1.85,1.13,3.03,6.48
1.86,1.13,3.04,6.49
1.86,1.13,3.05,6.5
1.86,1.13,3.07,6.51
1.87,1.13,3.08,6.52
1.87,1.13,3.09,6.53
1.88,1.13,3.1,6.54
1.88,1.13,3.12,6.55
1.88,1.13,3.13,6.56
1.89,1.13,3.14,6.57
1.89,1.13,3.15,6.58
1.9,1.13,3.16,6.59
1.9,1.14,3.18,6.6
1.9,1.14,3.19,6.61
1.91,1.14,3.2,6.62
1.91,1.14,3.22,6.63
1.91,1.14,3.23,6.64
1.92,1.14,3.24,6.65
1.92,1.14,3.25,6.66
1.93,1.14,3.27,6.67
1.93,1.14,3.28,6.68
1.93,1.14,3.29,6.69
1.94,1.14,3.3,6.7
1.94,1.14,3.32,6.71
1.95,1.14,3.33,6.72
1.95,1.14,3.34,6.73
1.95,1.14,3.36,6.74
1.96,1.14,3.37,6.75
1.96,1.14,3.38,6.76
1.97,1.14,3.4,6.77
1.97,1.14,3.41,6.78
1.97,1.14,3.42,6.79
1.98,1.14,3.44,6.8
1.98,1.14,3.45,6.81
1.98,1.14,3.46,6.82
1.99,1.14,3.48,6.83
1.99,1.14,3.49,6.84
2,1.14,3.5,6.85
2,1.14,3.52,6.86
2,1.14,3.53,6.87
2.01,1.14,3.54,6.88
2.01,1.14,3.56,6.89
2.02,1.14,3.57,6.9
2.02,1.14,3.58,6.91
2.02,1.14,3.6,6.92
2.03,1.14,3.61,6.93
2.03,1.14,3.63,6.94
2.04,1.14,3.64,6.95
2.04,1.14,3.65,6.96
2.04,1.14,3.67,6.97
2.05,1.14,3.68,6.98
2.05,1.14,3.7,6.99
2.06,1.14,3.71,7
2.06,1.14,3.72,7.01
2.06,1.14,3.74,7.02
2.07,1.14,3.75,7.03
2.07,1.14,3.77,7.04
2.08,1.14,3.78,7.05
2.08,1.14,3.79,7.06
2.08,1.14,3.81,7.07
2.09,1.14,3.82,7.08
2.09,1.14,3.84,7.09
2.09,1.14,3.85,7.1
2.1,1.14,3.87,7.11
2.1,1.14,3.88,7.12
2.11,1.14,3.9,7.13
2.11,1.14,3.91,7.14
2.11,1.14,3.93,7.15
2.12,1.14,3.94,7.16
2.12,1.14,3.95,7.17
2.13,1.14,3.97,7.18
2.13,1.14,3.98,7.19
2.13,1.14,4,7.2
2.14,1.14,4.01,7.21
2.14,1.14,4.03,7.22
2.15,1.14,4.04,7.23
2.15,1.14,4.06,7.24
2.15,1.14,4.07,7.25
2.16,1.14,4.09,7.26
2.16,1.14,4.1,7.27
2.17,1.14,4.12,7.28
2.17,1.14,4.13,7.29
2.17,1.14,4.15,7.3
2.18,1.14,4.16,7.31
2.18,1.14,4.18,7.32
2.19,1.14,4.2,7.33
2.19,1.14,4.21,7.34
2.19,1.14,4.23,7.35
2.2,1.14,4.24,7.36
2.2,1.14,4.26,7.37
2.21,1.14,4.27,7.38
2.21,1.14,4.29,7.39
2.21,1.14,4.3,7.4
2.22,1.14,4.32,7.41
2.22,1.14,4.34,7.42
2.22,1.14,4.35,7.43
2.23,1.14,4.37,7.44
2.23,1.14,4.38,7.45
2.24,1.14,4.4,7.46
2.24,1.14,4.42,7.47
2.24,1.14,4.43,7.48
2.25,1.14,4.45,7.49
2.25,1.14,4.46,7.5
2.26,1.14,4.48,7.51
2.26,1.14,4.5,7.52
2.26,1.14,4.51,7.53
2.27,1.14,4.53,7.54
2.27,1.14,4.54,7.55
2.28,1.14,4.56,7.56
2.28,1.14,4.58,7.57
2.28,1.14,4.59,7.58
2.29,1.14,4.61,7.59
2.29,1.14,4.63,7.6
2.3,1.14,4.64,7.61
2.3,1.14,4.66,7.62
2.3,1.13,4.68,7.63
2.31,1.13,4.69,7.64
2.31,1.13,4.71,7.65
2.32,1.13,4.73,7.66
2.32,1.13,4.74,7.67
2.32,1.13,4.76,7.68
2.33,1.13,4.78,7.69
2.33,1.13,4.79,7.7
2.34,1.13,4.81,7.71
2.34,1.13,4.83,7.72
2.34,1.13,4.84,7.73
2.35,1.13,4.86,7.74
2.35,1.13,4.88,7.75
2.35,1.13,4.9,7.76
2.36,1.13,4.91,7.77
2.36,1.13,4.93,7.78
2.37,1.13,4.95,7.79
2.37,1.13,4.97,7.8
2.37,1.13,4.98,7.81
2.38,1.13,5,7.82
2.38,1.13,5.02,7.83
2.39,1.13,5.04,7.84
2.39,1.13,5.05,7.85
2.39,1.13,5.07,7.86
2.4,1.13,5.09,7.87
2.4,1.13,5.11,7.88
2.41,1.13,5.12,7.89
2.41,1.13,5.14,7.9
2.41,1.13,5.16,7.91
2.42,1.13,5.18,7.92
2.42,1.13,5.2,7.93
2.43,1.13,5.21,7.94
2.43,1.13,5.23,7.95
2.43,1.13,5.25,7.96
2.44,1.13,5.27,7.97
2.44,1.13,5.29,7.98
2.45,1.13,5.3,7.99
2.45,1.13,5.32,8
2.45,1.13,5.34,8.01
2.46,1.13,5.36,8.02
2.46,1.13,5.38,8.03
2.46,1.13,5.4,8.04
2.47,1.13,5.41,8.05
2.47,1.13,5.43,8.06
2.48,1.13,5.45,8.07
2.48,1.12,5.47,8.08
2.48,1.12,5.49,8.09
2.49,1.12,5.51,8.1
2.49,1.12,5.53,8.11
2.5,1.12,5.54,8.12
2.5,1.12,5.56,8.13
2.5,1.12,5.58,8.14
2.51,1.12,5.6,8.15
2.51,1.12,5.62,8.16
2.52,1.12,5.64,8.17
2.52,1.12,5.66,8.18
2.52,1.12,5.68,8.19
2.53,1.12,5.7,8.2
2.53,1.12,5.72,8.21
2.53,1.12,5.73,8.22
2.54,1.12,5.75,8.23
2.54,1.12,5.77,8.24
2.55,1.12,5.79,8.25
2.55,1.12,5.81,8.26
2.55,1.12,5.83,8.27
2.56,1.12,5.85,8.28
2.56,1.12,5.87,8.29
2.57,1.12,5.89,8.3
2.57,1.12,5.91,8.31
2.57,1.12,5.93,8.32
2.58,1.12,5.95,8.33
2.58,1.12,5.97,8.34
2.59,1.12,5.99,8.35
2.59,1.12,6.01,8.36
2.59,1.12,6.03,8.37
2.6,1.12,6.05,8.38
2.6,1.11,6.07,8.39
2.6,1.11,6.09,8.4
2.61,1.11,6.11,8.41
2.61,1.11,6.13,8.42
2.62,1.11,6.15,8.43
2.62,1.11,6.17,8.44
2.62,1.11,6.19,8.45
2.63,1.11,6.21,8.46
2.63,1.11,6.23,8.47
2.64,1.11,6.25,8.48
2.64,1.11,6.27,8.49
2.64,1.11,6.29,8.5
2.65,1.11,6.31,8.51
2.65,1.11,6.33,8.52
2.66,1.11,6.35,8.53
2.66,1.11,6.38,8.54
2.66,1.11,6.4,8.55
2.67,1.11,6.42,8.56
2.67,1.11,6.44,8.57
2.67,1.11,6.46,8.58
2.68,1.11,6.48,8.59
2.68,1.11,6.5,8.6
2.69,1.11,6.52,8.61
2.69,1.11,6.54,8.62
2.69,1.11,6.56,8.63
2.7,1.1,6.59,8.64
2.7,1.1,6.61,8.65
2.71,1.1,6.63,8.66
2.71,1.1,6.65,8.67
2.71,1.1,6.67,8.68
2.72,1.1,6.69,8.69
2.72,1.1,6.71,8.7
2.72,1.1,6.74,8.71
2.73,1.1,6.76,8.72
2.73,1.1,6.78,8.73
2.74,1.1,6.8,8.74
2.74,1.1,6.82,8.75
2.74,1.1,6.84,8.76
2.75,1.1,6.87,8.77
2.75,1.1,6.89,8.78
2.75,1.1,6.91,8.79
2.76,1.1,6.93,8.8
2.76,1.1,6.95,8.81
2.77,1.1,6.98,8.82
2.77,1.1,7,8.83
2.77,1.1,7.02,8.84
2.78,1.1,7.04,8.85
2.78,1.09,7.07,8.86
2.79,1.09,7.09,8.87
2.79,1.09,7.11,8.88
2.79,1.09,7.13,8.89
2.8,1.09,7.16,8.9
2.8,1.09,7.18,8.91
2.8,1.09,7.2,8.92
2.81,1.09,7.22,8.93
2.81,1.09,7.25,8.94
2.82,1.09,7.27,8.95
2.82,1.09,7.29,8.96
2.82,1.09,7.31,8.97
2.83,1.09,7.34,8.98
2.83,1.09,7.36,8.99
2.83,1.09,7.38,9
2.84,1.09,7.41,9.01
2.84,1.09,7.43,9.02
2.85,1.09,7.45,9.03
2.85,1.09,7.48,9.04
2.85,1.09,7.5,9.05
2.86,1.08,7.52,9.06
2.86,1.08,7.55,9.07
2.86,1.08,7.57,9.08
2.87,1.08,7.59,9.09
2.87,1.08,7.62,9.1
2.88,1.08,7.64,9.11
2.88,1.08,7.66,9.12
2.88,1.08,7.69,9.13
2.89,1.08,7.71,9.14
2.89,1.08,7.74,9.15
2.89,1.08,7.76,9.16
2.9,1.08,7.78,9.17
2.9,1.08,7.81,9.18
2.91,1.08,7.83,9.19
2.91,1.08,7.85,9.2
2.91,1.08,7.88,9.21
2.92,1.08,7.9,9.22
2.92,1.08,7.93,9.23
2.92,1.08,7.95,9.24
2.93,1.07,7.98,9.25
2.93,1.07,8,9.26
2.93,1.07,8.02,9.27
2.94,1.07,8.05,9.28
2.94,1.07,8.07,9.29
2.95,1.07,8.1,9.3
2.95,1.07,8.12,9.31
2.95,1.07,8.15,9.32
2.96,1.07,8.17,9.33
2.96,1.07,8.2,9.34
2.96,1.07,8.22,9.35
2.97,1.07,8.25,9.36
2.97,1.07,8.27,9.37
2.98,1.07,8.3,9.38
2.98,1.07,8.32,9.39
2.98,1.07,8.35,9.4
2.99,1.07,8.37,9.41
2.99,1.06,8.4,9.42
2.99,1.06,8.42,9.43
3,1.06,8.45,9.44
3,1.06,8.47,9.45
3,1.06,8.5,9.46
3.01,1.06,8.52,9.47
3.01,1.06,8.55,9.48
3.02,1.06,8.58,9.49
3.02,1.06,8.6,9.5
3.02,1.06,8.63,9.51
3.03,1.06,8.65,9.52
3.03,1.06,8.68,9.53
3.03,1.06,8.7,9.54
3.04,1.06,8.73,9.55
3.04,1.06,8.76,9.56
3.04,1.06,8.78,9.57
3.05,1.06,8.81,9.58
3.05,1.05,8.83,9.59
3.06,1.05,8.86,9.6
3.06,1.05,8.89,9.61
3.06,1.05,8.91,9.62
3.07,1.05,8.94,9.63
3.07,1.05,8.97,9.64
3.07,1.05,8.99,9.65
3.08,1.05,9.02,9.66
3.08,1.05,9.05,9.67
3.08,1.05,9.07,9.68
3.09,1.05,9.1,9.69
3.09,1.05,9.13,9.7
3.1,1.05,9.15,9.71
3.1,1.05,9.18,9.72
3.1,1.05,9.21,9.73
3.11,1.04,9.23,9.74
3.11,1.04,9.26,9.75
3.11,1.04,9.29,9.76
3.12,1.04,9.31,9.77
3.12,1.04,9.34,9.78
3.12,1.04,9.37,9.79
3.13,1.04,9.4,9.8
3.13,1.04,9.42,9.81
3.13,1.04,9.45,9.82
3.14,1.04,9.48,9.83
3.14,1.04,9.51,9.84
3.15,1.04,9.53,9.85
3.15,1.04,9.56,9.86
3.15,1.04,9.59,9.87
3.16,1.04,9.62,9.88
3.16,1.04,9.64,9.89
3.16,1.03,9.67,9.9
3.17,1.03,9.7,9.91
3.17,1.03,9.73,9.92
3.17,1.03,9.76,9.93
3.18,1.03,9.78,9.94
3.18,1.03,9.81,9.95
3.18,1.03,9.84,9.96
3.19,1.03,9.87,9.97
3.19,1.03,9.9,9.98
3.19,1.03,9.93,9.99
3.2,1.03,9.95,10
3.2,1.03,9.98,10.01
3.21,1.03,10.01,10.02
3.21,1.03,10.04,10.03
3.21,1.02,10.07,10.04
3.22,1.02,10.1,10.05
3.22,1.02,10.13,10.06
3.22,1.02,10.15,10.07
3.23,1.02,10.18,10.08
3.23,1.02,10.21,10.09
3.23,1.02,10.24,10.1
3.24,1.02,10.27,10.11
3.24,1.02,10.3,10.12
3.24,1.02,10.33,10.13
3.25,1.02,10.36,10.14
3.25,1.02,10.39,10.15
3.25,1.02,10.42,10.16
3.26,1.02,10.45,10.17
3.26,1.02,10.48,10.18
3.26,1.01,10.51,10.19
3.27,1.01,10.53,10.2
3.27,1.01,10.56,10.21
3.27,1.01,10.59,10.22
3.28,1.01,10.62,10.23
3.28,1.01,10.65,10.24
3.28,1.01,10.68,10.25
3.29,1.01,10.71,10.26
3.29,1.01,10.74,10.27
3.3,1.01,10.77,10.28
3.3,1.01,10.8,10.29
3.3,1.01,10.83,10.3
3.31,1.01,10.86,10.31
3.31,1,10.89,10.32
3.31,1,10.93,10.33
3.32,1,10.96,10.34
3.32,1,10.99,10.35
3.32,1,11.02,10.36
3.33,1,11.05,10.37
3.33,1,11.08,10.38
3.33,1,11.11,10.39
3.34,1,11.14,10.4
3.34,1,11.17,10.41
3.34,1,11.2,10.42
3.35,1,11.23,10.43
3.35,1,11.26,10.44
3.35,1,11.29,10.45
3.36,0.99,11.33,10.46
3.36,0.99,11.36,10.47
3.36,0.99,11.39,10.48
3.37,0.99,11.42,10.49
3.37,0.99,11.45,10.5
3.37,0.99,11.48,10.51
3.38,0.99,11.51,10.52
3.38,0.99,11.55,10.53
3.38,0.99,11.58,10.54
3.39,0.99,11.61,10.55
3.39,0.99,11.64,10.56
3.39,0.99,11.67,10.57
3.4,0.99,11.7,10.58
3.4,0.98,11.74,10.59
3.4,0.98,11.77,10.6
3.41,0.98,11.8,10.61
3.41,0.98,11.83,10.62
3.41,0.98,11.86,10.63
3.42,0.98,11.9,10.64
3.42,0.98,11.93,10.65
3.42,0.98,11.96,10.66
3.43,0.98,11.99,10.67
3.43,0.98,12.03,10.68
3.43,0.98,12.06,10.69
3.44,0.98,12.09,10.7
3.44,0.98,12.13,10.71
3.44,0.97,12.16,10.72
3.45,0.97,12.19,10.73
3.45,0.97,12.22,10.74
3.45,0.97,12.26,10.75
3.46,0.97,12.29,10.76
3.46,0.97,12.32,10.77
3.46,0.97,12.36,10.78
3.47,0.97,12.39,10.79
3.47,0.97,12.42,10.8
3.47,0.97,12.46,10.81
3.48,0.97,12.49,10.82
3.48,0.97,12.52,10.83
3.48,0.97,12.56,10.84
3.49,0.96,12.59,10.85
3.49,0.96,12.62,10.86
3.49,0.96,12.66,10.87
3.49,0.96,12.69,10.88
3.5,0.96,12.73,10.89
3.5,0.96,12.76,10.9
3.5,0.96,12.79,10.91
3.51,0.96,12.83,10.92
3.51,0.96,12.86,10.93
3.51,0.96,12.9,10.94
3.52,0.96,12.93,10.95
3.52,0.96,12.96,10.96
3.52,0.96,13,10.97
3.53,0.95,13.03,10.98
3.53,0.95,13.07,10.99
3.53,0.95,13.1,11
3.54,0.95,13.14,11.01
3.54,0.95,13.17,11.02
3.54,0.95,13.21,11.03
3.55,0.95,13.24,11.04
3.55,0.95,13.28,11.05
3.55,0.95,13.31,11.06
3.56,0.95,13.35,11.07
3.56,0.95,13.38,11.08
3.56,0.95,13.42,11.09
3.56,0.94,13.45,11.1
3.57,0.94,13.49,11.11
3.57,0.94,13.52,11.12
3.57,0.94,13.56,11.13
3.58,0.94,13.59,11.14
3.58,0.94,13.63,11.15
3.58,0.94,13.67,11.16
3.59,0.94,13.7,11.17
3.59,0.94,13.74,11.18
3.59,0.94,13.77,11.19
3.6,0.94,13.81,11.2
3.6,0.94,13.84,11.21
3.6,0.94,13.88,11.22
3.61,0.93,13.92,11.23
3.61,0.93,13.95,11.24
3.61,0.93,13.99,11.25
3.62,0.93,14.03,11.26
3.62,0.93,14.06,11.27
3.62,0.93,14.1,11.28
3.62,0.93,14.14,11.29
3.63,0.93,14.17,11.3
3.63,0.93,14.21,11.31
3.63,0.93,14.25,11.32
3.64,0.93,14.28,11.33
3.64,0.93,14.32,11.34
3.64,0.92,14.36,11.35
3.65,0.92,14.39,11.36
3.65,0.92,14.43,11.37
3.65,0.92,14.47,11.38
3.66,0.92,14.5,11.39
3.66,0.92,14.54,11.4
3.66,0.92,14.58,11.41
3.66,0.92,14.62,11.42
3.67,0.92,14.65,11.43
3.67,0.92,14.69,11.44
3.67,0.92,14.73,11.45
3.68,0.92,14.77,11.46
3.68,0.91,14.81,11.47
3.68,0.91,14.84,11.48
3.69,0.91,14.88,11.49
3.69,0.91,14.92,11.5
3.69,0.91,14.96,11.51
3.69,0.91,15,11.52
3.7,0.91,15.03,11.53
3.7,0.91,15.07,11.54
3.7,0.91,15.11,11.55
3.71,0.91,15.15,11.56
3.71,0.91,15.19,11.57
3.71,0.91,15.23,11.58
3.72,0.9,15.27,11.59
3.72,0.9,15.3,11.6
3.72,0.9,15.34,11.61
3.72,0.9,15.38,11.62
3.73,0.9,15.42,11.63
3.73,0.9,15.46,11.64
3.73,0.9,15.5,11.65
3.74,0.9,15.54,11.66
3.74,0.9,15.58,11.67
3.74,0.9,15.62,11.68
3.75,0.9,15.66,11.69
3.75,0.9,15.7,11.7
3.75,0.89,15.74,11.71
3.75,0.89,15.78,11.72
3.76,0.89,15.81,11.73
3.76,0.89,15.85,11.74
3.76,0.89,15.89,11.75
3.77,0.89,15.93,11.76
3.77,0.89,15.97,11.77
3.77,0.89,16.01,11.78
3.78,0.89,16.06,11.79
3.78,0.89,16.1,11.8
3.78,0.89,16.14,11.81
3.78,0.89,16.18,11.82
3.79,0.88,16.22,11.83
3.79,0.88,16.26,11.84
3.79,0.88,16.3,11.85
3.8,0.88,16.34,11.86
3.8,0.88,16.38,11.87
3.8,0.88,16.42,11.88
3.8,0.88,16.46,11.89
3.81,0.88,16.5,11.9
3.81,0.88,16.54,11.91
3.81,0.88,16.58,11.92
3.82,0.88,16.63,11.93
3.82,0.87,16.67,11.94
3.82,0.87,16.71,11.95
3.82,0.87,16.75,11.96
3.83,0.87,16.79,11.97
3.83,0.87,16.83,11.98
3.83,0.87,16.88,11.99
3.84,0.87,16.92,12
3.84,0.87,16.96,12.01
3.84,0.87,17,12.02
3.84,0.87,17.04,12.03
3.85,0.87,17.08,12.04
3.85,0.87,17.13,12.05
3.85,0.86,17.17,12.06
3.86,0.86,17.21,12.07
3.86,0.86,17.25,12.08
3.86,0.86,17.3,12.09
3.86,0.86,17.34,12.1
3.87,0.86,17.38,12.11
3.87,0.86,17.42,12.12
3.87,0.86,17.47,12.13
3.88,0.86,17.51,12.14
3.88,0.86,17.55,12.15
3.88,0.86,17.6,12.16
3.88,0.86,17.64,12.17
3.89,0.85,17.68,12.18
3.89,0.85,17.73,12.19
3.89,0.85,17.77,12.2
3.9,0.85,17.81,12.21
3.9,0.85,17.86,12.22
3.9,0.85,17.9,12.23
3.9,0.85,17.94,12.24
3.91,0.85,17.99,12.25
3.91,0.85,18.03,12.26
3.91,0.85,18.08,12.27
3.92,0.85,18.12,12.28
3.92,0.85,18.16,12.29
3.92,0.84,18.21,12.3
3.92,0.84,18.25,12.31
3.93,0.84,18.3,12.32
3.93,0.84,18.34,12.33
3.93,0.84,18.39,12.34
3.93,0.84,18.43,12.35
3.94,0.84,18.48,12.36
3.94,0.84,18.52,12.37
3.94,0.84,18.57,12.38
3.95,0.84,18.61,12.39
3.95,0.84,18.66,12.4
3.95,0.83,18.7,12.41
3.95,0.83,18.75,12.42
3.96,0.83,18.79,12.43
3.96,0.83,18.84,12.44
3.96,0.83,18.88,12.45
3.97,0.83,18.93,12.46
3.97,0.83,18.97,12.47
3.97,0.83,19.02,12.48
3.97,0.83,19.07,12.49
3.98,0.83,19.11,12.5
3.98,0.83,19.16,12.51
3.98,0.83,19.2,12.52
3.98,0.82,19.25,12.53
3.99,0.82,19.3,12.54
3.99,0.82,19.34,12.55
3.99,0.82,19.39,12.56
4,0.82,19.44,12.57
4,0.82,19.48,12.58
4,0.82,19.53,12.59
4,0.82,19.58,12.6
4.01,0.82,19.62,12.61
4.01,0.82,19.67,12.62
4.01,0.82,19.72,12.63
4.01,0.82,19.76,12.64
4.02,0.81,19.81,12.65
4.02,0.81,19.86,12.66
4.02,0.81,19.91,12.67
4.02,0.81,19.95,12.68
4.03,0.81,20,12.69
4.03,0.81,20.05,12.7
4.03,0.81,20.1,12.71
4.04,0.81,20.14,12.72
4.04,0.81,20.19,12.73
4.04,0.81,20.24,12.74
4.04,0.81,20.29,12.75
4.05,0.81,20.34,12.76
4.05,0.8,20.39,12.77
4.05,0.8,20.43,12.78
4.05,0.8,20.48,12.79
4.06,0.8,20.53,12.8
4.06,0.8,20.58,12.81
4.06,0.8,20.63,12.82
4.06,0.8,20.68,12.83
4.07,0.8,20.73,12.84
4.07,0.8,20.78,12.85
4.07,0.8,20.82,12.86
4.08,0.8,20.87,12.87
4.08,0.79,20.92,12.88
4.08,0.79,20.97,12.89
4.08,0.79,21.02,12.9
4.09,0.79,21.07,12.91
4.09,0.79,21.12,12.92
4.09,0.79,21.17,12.93
4.09,0.79,21.22,12.94
4.1,0.79,21.27,12.95
4.1,0.79,21.32,12.96
4.1,0.79,21.37,12.97
4.1,0.79,21.42,12.98
4.11,0.79,21.47,12.99
4.11,0.78,21.52,13
4.11,0.78,21.57,13.01
4.11,0.78,21.62,13.02
4.12,0.78,21.68,13.03
4.12,0.78,21.73,13.04
4.12,0.78,21.78,13.05
4.13,0.78,21.83,13.06
4.13,0.78,21.88,13.07
4.13,0.78,21.93,13.08
4.13,0.78,21.98,13.09
4.14,0.78,22.03,13.1
4.14,0.78,22.09,13.11
4.14,0.77,22.14,13.12
4.14,0.77,22.19,13.13
4.15,0.77,22.24,13.14
4.15,0.77,22.29,13.15
4.15,0.77,22.34,13.16
4.15,0.77,22.4,13.17
4.16,0.77,22.45,13.18
4.16,0.77,22.5,13.19
4.16,0.77,22.55,13.2
4.16,0.77,22.61,13.21
4.17,0.77,22.66,13.22
4.17,0.77,22.71,13.23
4.17,0.76,22.77,13.24
4.17,0.76,22.82,13.25
4.18,0.76,22.87,13.26
4.18,0.76,22.92,13.27
4.18,0.76,22.98,13.28
4.18,0.76,23.03,13.29
4.19,0.76,23.09,13.3
4.19,0.76,23.14,13.31
4.19,0.76,23.19,13.32
4.19,0.76,23.25,13.33
4.2,0.76,23.3,13.34
4.2,0.76,23.35,13.35
4.2,0.75,23.41,13.36
4.2,0.75,23.46,13.37
4.21,0.75,23.52,13.38
4.21,0.75,23.57,13.39
4.21,0.75,23.63,13.4
4.21,0.75,23.68,13.41
4.22,0.75,23.74,13.42
4.22,0.75,23.79,13.43
4.22,0.75,23.85,13.44
4.22,0.75,23.9,13.45
4.23,0.75,23.96,13.46
4.23,0.75,24.01,13.47
4.23,0.74,24.07,13.48
4.23,0.74,24.12,13.49
4.24,0.74,24.18,13.5
4.24,0.74,24.23,13.51
4.24,0.74,24.29,13.52
4.24,0.74,24.35,13.53
4.25,0.74,24.4,13.54
4.25,0.74,24.46,13.55
4.25,0.74,24.51,13.56
4.25,0.74,24.57,13.57
4.26,0.74,24.63,13.58
4.26,0.74,24.68,13.59
4.26,0.73,24.74,13.6
4.26,0.73,24.8,13.61
4.27,0.73,24.85,13.62
4.27,0.73,24.91,13.63
4.27,0.73,24.97,13.64
4.27,0.73,25.03,13.65
4.28,0.73,25.08,13.66
4.28,0.73,25.14,13.67
4.28,0.73,25.2,13.68
4.28,0.73,25.26,13.69
4.29,0.73,25.31,13.7
4.29,0.73,25.37,13.71
4.29,0.72,25.43,13.72
4.29,0.72,25.49,13.73
4.3,0.72,25.55,13.74
4.3,0.72,25.61,13.75
4.3,0.72,25.66,13.76
4.3,0.72,25.72,13.77
4.31,0.72,25.78,13.78
4.31,0.72,25.84,13.79
4.31,0.72,25.9,13.8
4.31,0.72,25.96,13.81
4.32,0.72,26.02,13.82
4.32,0.72,26.08,13.83
4.32,0.71,26.14,13.84
4.32,0.71,26.2,13.85
4.33,0.71,26.26,13.86
4.33,0.71,26.32,13.87
4.33,0.71,26.38,13.88
4.33,0.71,26.44,13.89
4.34,0.71,26.5,13.9
4.34,0.71,26.56,13.91
4.34,0.71,26.62,13.92
4.34,0.71,26.68,13.93
4.35,0.71,26.74,13.94
4.35,0.71,26.8,13.95
4.35,0.7,26.86,13.96
4.35,0.7,26.92,13.97
4.36,0.7,26.98,13.98
4.36,0.7,27.04,13.99
4.36,0.7,27.11,14
4.36,0.7,27.17,14.01
4.37,0.7,27.23,14.02
4.37,0.7,27.29,14.03
4.37,0.7,27.35,14.04
4.37,0.7,27.41,14.05
4.38,0.7,27.48,14.06
4.38,0.7,27.54,14.07
4.38,0.7,27.6,14.08
4.38,0.69,27.66,14.09
4.38,0.69,27.73,14.1
4.39,0.69,27.79,14.11
4.39,0.69,27.85,14.12
4.39,0.69,27.92,14.13
4.39,0.69,27.98,14.14
4.4,0.69,28.04,14.15
4.4,0.69,28.11,14.16
4.4,0.69,28.17,14.17
4.4,0.69,28.23,14.18
4.41,0.69,28.3,14.19
4.41,0.69,28.36,14.2
4.41,0.68,28.42,14.21
4.41,0.68,28.49,14.22
4.42,0.68,28.55,14.23
4.42,0.68,28.62,14.24
4.42,0.68,28.68,14.25
4.42,0.68,28.75,14.26
4.43,0.68,28.81,14.27
4.43,0.68,28.88,14.28
4.43,0.68,28.94,14.29
4.43,0.68,29.01,14.3
4.44,0.68,29.07,14.31
4.44,0.68,29.14,14.32
4.44,0.68,29.2,14.33
4.44,0.67,29.27,14.34
4.45,0.67,29.34,14.35
4.45,0.67,29.4,14.36
4.45,0.67,29.47,14.37
4.45,0.67,29.54,14.38
4.46,0.67,29.6,14.39
4.46,0.67,29.67,14.4
4.46,0.67,29.74,14.41
4.46,0.67,29.8,14.42
4.46,0.67,29.87,14.43
4.47,0.67,29.94,14.44
4.47,0.67,30,14.45
4.47,0.67,30.07,14.46
4.47,0.66,30.14,14.47
4.48,0.66,30.21,14.48
4.48,0.66,30.27,14.49
4.48,0.66,30.34,14.5
4.48,0.66,30.41,14.51
4.49,0.66,30.48,14.52
4.49,0.66,30.55,14.53
4.49,0.66,30.62,14.54
4.49,0.66,30.69,14.55
4.5,0.66,30.75,14.56
4.5,0.66,30.82,14.57
4.5,0.66,30.89,14.58
4.5,0.65,30.96,14.59
4.51,0.65,31.03,14.6
4.51,0.65,31.1,14.61
4.51,0.65,31.17,14.62
4.51,0.65,31.24,14.63
4.52,0.65,31.31,14.64
4.52,0.65,31.38,14.65
4.52,0.65,31.45,14.66
4.52,0.65,31.52,14.67
4.52,0.65,31.59,14.68
4.53,0.65,31.66,14.69
4.53,0.65,31.73,14.7
4.53,0.65,31.81,14.71
4.53,0.64,31.88,14.72
4.54,0.64,31.95,14.73
4.54,0.64,32.02,14.74
4.54,0.64,32.09,14.75
4.54,0.64,32.16,14.76
4.55,0.64,32.24,14.77
4.55,0.64,32.31,14.78
4.55,0.64,32.38,14.79
4.55,0.64,32.45,14.8
4.56,0.64,32.53,14.81
4.56,0.64,32.6,14.82
4.56,0.64,32.67,14.83
4.56,0.64,32.74,14.84
4.57,0.64,32.82,14.85
4.57,0.63,32.89,14.86
4.57,0.63,32.97,14.87
4.57,0.63,33.04,14.88
4.58,0.63,33.11,14.89
4.58,0.63,33.19,14.9
4.58,0.63,33.26,14.91
4.58,0.63,33.34,14.92
4.58,0.63,33.41,14.93
4.59,0.63,33.49,14.94
4.59,0.63,33.56,14.95
4.59,0.63,33.63,14.96
4.59,0.63,33.71,14.97
4.6,0.63,33.79,14.98
4.6,0.62,33.86,14.99
4.6,0.62,33.94,15
4.6,0.62,34.01,15.01
4.61,0.62,34.09,15.02
4.61,0.62,34.16,15.03
4.61,0.62,34.24,15.04
4.61,0.62,34.32,15.05
4.62,0.62,34.39,15.06
4.62,0.62,34.47,15.07
4.62,0.62,34.55,15.08
4.62,0.62,34.63,15.09
4.63,0.62,34.7,15.1
4.63,0.62,34.78,15.11
4.63,0.62,34.86,15.12
4.63,0.61,34.94,15.13
4.64,0.61,35.01,15.14
4.64,0.61,35.09,15.15
4.64,0.61,35.17,15.16
4.64,0.61,35.25,15.17
4.64,0.61,35.33,15.18
4.65,0.61,35.41,15.19
4.65,0.61,35.49,15.2
4.65,0.61,35.57,15.21
4.65,0.61,35.64,15.22
4.66,0.61,35.72,15.23
4.66,0.61,35.8,15.24
4.66,0.61,35.88,15.25
4.66,0.6,35.96,15.26
4.67,0.6,36.04,15.27
4.67,0.6,36.13,15.28
4.67,0.6,36.21,15.29
4.67,0.6,36.29,15.3
4.68,0.6,36.37,15.31
4.68,0.6,36.45,15.32
4.68,0.6,36.53,15.33
4.68,0.6,36.61,15.34
4.69,0.6,36.69,15.35
4.69,0.6,36.78,15.36
4.69,0.6,36.86,15.37
4.69,0.6,36.94,15.38
4.7,0.6,37.02,15.39
4.7,0.59,37.11,15.4
4.7,0.59,37.19,15.41
4.7,0.59,37.27,15.42
4.71,0.59,37.35,15.43
4.71,0.59,37.44,15.44
4.71,0.59,37.52,15.45
4.71,0.59,37.61,15.46
4.72,0.59,37.69,15.47
4.72,0.59,37.77,15.48
4.72,0.59,37.86,15.49
4.72,0.59,37.94,15.5
4.73,0.59,38.03,15.51
4.73,0.59,38.11,15.52
4.73,0.59,38.2,15.53
4.73,0.59,38.28,15.54
4.74,0.58,38.37,15.55
4.74,0.58,38.45,15.56
4.74,0.58,38.54,15.57
4.74,0.58,38.63,15.58
4.74,0.58,38.71,15.59
4.75,0.58,38.8,15.6
4.75,0.58,38.89,15.61
4.75,0.58,38.97,15.62
4.75,0.58,39.06,15.63
4.76,0.58,39.15,15.64
4.76,0.58,39.23,15.65
4.76,0.58,39.32,15.66
4.76,0.58,39.41,15.67
4.77,0.58,39.5,15.68
4.77,0.57,39.59,15.69
4.77,0.57,39.67,15.7
4.77,0.57,39.76,15.71
4.78,0.57,39.85,15.72
4.78,0.57,39.94,15.73
4.78,0.57,40.03,15.74
4.78,0.57,40.12,15.75
4.79,0.57,40.21,15.76
4.79,0.57,40.3,15.77
4.79,0.57,40.39,15.78
4.79,0.57,40.48,15.79
4.8,0.57,40.57,15.8
4.8,0.57,40.66,15.81
4.8,0.57,40.75,15.82
4.8,0.57,40.84,15.83
4.81,0.56,40.93,15.84
4.81,0.56,41.03,15.85
4.81,0.56,41.12,15.86
4.81,0.56,41.21,15.87
4.82,0.56,41.3,15.88
4.82,0.56,41.39,15.89
4.82,0.56,41.49,15.9
4.82,0.56,41.58,15.91
4.83,0.56,41.67,15.92
4.83,0.56,41.76,15.93
4.83,0.56,41.86,15.94
4.83,0.56,41.95,15.95
4.84,0.56,42.04,15.96
4.84,0.56,42.14,15.97
4.84,0.56,42.23,15.98
4.84,0.55,42.33,15.99
4.85,0.55,42.42,16
4.85,0.55,42.52,16.01
4.85,0.55,42.61,16.02
4.85,0.55,42.71,16.03
4.86,0.55,42.8,16.04
4.86,0.55,42.9,16.05
4.86,0.55,42.99,16.06
4.86,0.55,43.09,16.07
4.87,0.55,43.19,16.08
4.87,0.55,43.28,16.09
4.87,0.55,43.38,16.1
4.87,0.55,43.48,16.11
4.88,0.55,43.57,16.12
4.88,0.55,43.67,16.13
4.88,0.54,43.77,16.14
4.89,0.54,43.87,16.15
4.89,0.54,43.97,16.16
4.89,0.54,44.06,16.17
4.89,0.54,44.16,16.18
4.9,0.54,44.26,16.19
4.9,0.54,44.36,16.2
4.9,0.54,44.46,16.21
4.9,0.54,44.56,16.22
4.91,0.54,44.66,16.23
4.91,0.54,44.76,16.24
4.91,0.54,44.86,16.25
4.91,0.54,44.96,16.26
4.92,0.54,45.06,16.27
4.92,0.54,45.16,16.28
4.92,0.53,45.26,16.29
4.92,0.53,45.36,16.3
4.93,0.53,45.46,16.31
4.93,0.53,45.56,16.32
4.93,0.53,45.67,16.33
4.93,0.53,45.77,16.34
4.94,0.53,45.87,16.35
4.94,0.53,45.97,16.36
4.94,0.53,46.08,16.37
4.94,0.53,46.18,16.38
4.95,0.53,46.28,16.39
4.95,0.53,46.39,16.4
4.95,0.53,46.49,16.41
4.95,0.53,46.59,16.42
4.96,0.53,46.7,16.43
4.96,0.53,46.8,16.44
4.96,0.52,46.91,16.45
4.96,0.52,47.01,16.46
4.97,0.52,47.12,16.47
4.97,0.52,47.22,16.48
4.97,0.52,47.33,16.49
4.97,0.52,47.43,16.5
4.98,0.52,47.54,16.51
4.98,0.52,47.65,16.52
4.98,0.52,47.75,16.53
4.99,0.52,47.86,16.54
4.99,0.52,47.97,16.55
4.99,0.52,48.07,16.56
4.99,0.52,48.18,16.57
5,0.52,48.29,16.58
5,0.52,48.4,16.59
5,0.52,48.51,16.6
5,0.51,48.61,16.61
5.01,0.51,48.72,16.62
5.01,0.51,48.83,16.63
5.01,0.51,48.94,16.64
5.01,0.51,49.05,16.65
5.02,0.51,49.16,16.66
5.02,0.51,49.27,16.67
5.02,0.51,49.38,16.68
5.02,0.51,49.49,16.69
5.03,0.51,49.6,16.7
5.03,0.51,49.71,16.71
5.03,0.51,49.82,16.72
5.03,0.51,49.94,16.73
5.04,0.51,50.05,16.74
5.04,0.51,50.16,16.75
5.04,0.51,50.27,16.76
5.04,0.51,50.38,16.77
5.05,0.5,50.5,16.78
5.05,0.5,50.61,16.79
5.05,0.5,50.72,16.8
5.06,0.5,50.84,16.81
5.06,0.5,50.95,16.82
5.06,0.5,51.06,16.83
5.06,0.5,51.18,16.84
5.07,0.5,51.29,16.85
5.07,0.5,51.41,16.86
5.07,0.5,51.52,16.87
5.07,0.5,51.64,16.88
5.08,0.5,51.75,16.89
5.08,0.5,51.87,16.9
5.08,0.5,51.99,16.91
5.08,0.5,52.1,16.92
5.09,0.5,52.22,16.93
5.09,0.49,52.34,16.94
5.09,0.49,52.45,16.95
5.1,0.49,52.57,16.96
5.1,0.49,52.69,16.97
5.1,0.49,52.81,16.98
5.1,0.49,52.92,16.99
5.11,0.49,53.04,17
5.11,0.49,53.16,17.01
5.11,0.49,53.28,17.02
5.11,0.49,53.4,17.03
5.12,0.49,53.52,17.04
5.12,0.49,53.64,17.05
5.12,0.49,53.76,17.06
5.12,0.49,53.88,17.07
5.13,0.49,54,17.08
5.13,0.49,54.12,17.09
5.13,0.49,54.24,17.1
5.13,0.49,54.36,17.11
5.14,0.48,54.48,17.12
5.14,0.48,54.61,17.13
5.14,0.48,54.73,17.14
5.15,0.48,54.85,17.15
5.15,0.48,54.97,17.16
5.15,0.48,55.1,17.17
5.15,0.48,55.22,17.18
5.16,0.48,55.34,17.19
5.16,0.48,55.47,17.2
5.16,0.48,55.59,17.21
5.16,0.48,55.72,17.22
5.17,0.48,55.84,17.23
5.17,0.48,55.97,17.24
5.17,0.48,56.09,17.25
5.18,0.48,56.22,17.26
5.18,0.48,56.34,17.27
5.18,0.48,56.47,17.28
5.18,0.47,56.6,17.29
5.19,0.47,56.72,17.3
5.19,0.47,56.85,17.31
5.19,0.47,56.98,17.32
5.19,0.47,57.1,17.33
5.2,0.47,57.23,17.34
5.2,0.47,57.36,17.35
5.2,0.47,57.49,17.36
5.2,0.47,57.62,17.37
5.21,0.47,57.75,17.38
5.21,0.47,57.88,17.39
5.21,0.47,58.01,17.4
5.22,0.47,58.13,17.41
5.22,0.47,58.27,17.42
5.22,0.47,58.4,17.43
5.22,0.47,58.53,17.44
5.23,0.47,58.66,17.45
5.23,0.47,58.79,17.46
5.23,0.46,58.92,17.47
5.23,0.46,59.05,17.48
5.24,0.46,59.18,17.49
5.24,0.46,59.32,17.5
5.24,0.46,59.45,17.51
5.25,0.46,59.58,17.52
5.25,0.46,59.72,17.53
5.25,0.46,59.85,17.54
5.25,0.46,59.98,17.55
5.26,0.46,60.12,17.56
5.26,0.46,60.25,17.57
5.26,0.46,60.39,17.58
5.26,0.46,60.52,17.59
5.27,0.46,60.66,17.6
5.27,0.46,60.79,17.61
5.27,0.46,60.93,17.62
5.28,0.46,61.07,17.63
5.28,0.46,61.2,17.64
5.28,0.45,61.34,17.65
5.28,0.45,61.48,17.66
5.29,0.45,61.62,17.67
5.29,0.45,61.75,17.68
5.29,0.45,61.89,17.69
5.29,0.45,62.03,17.7
5.3,0.45,62.17,17.71
5.3,0.45,62.31,17.72
5.3,0.45,62.45,17.73
5.31,0.45,62.59,17.74
5.31,0.45,62.73,17.75
5.31,0.45,62.87,17.76
5.31,0.45,63.01,17.77
5.32,0.45,63.15,17.78
5.32,0.45,63.29,17.79
5.32,0.45,63.43,17.8
5.33,0.45,63.58,17.81
5.33,0.45,63.72,17.82
5.33,0.44,63.86,17.83
5.33,0.44,64,17.84
5.34,0.44,64.15,17.85
5.34,0.44,64.29,17.86
5.34,0.44,64.44,17.87
5.34,0.44,64.58,17.88
5.35,0.44,64.72,17.89
5.35,0.44,64.87,17.9
5.35,0.44,65.01,17.91
5.36,0.44,65.16,17.92
5.36,0.44,65.31,17.93
5.36,0.44,65.45,17.94
5.36,0.44,65.6,17.95
5.37,0.44,65.75,17.96
5.37,0.44,65.89,17.97
5.37,0.44,66.04,17.98
5.38,0.44,66.19,17.99
5.38,0.44,66.34,18
5.38,0.44,66.49,18.01
5.38,0.43,66.64,18.02
5.39,0.43,66.78,18.03
5.39,0.43,66.93,18.04
5.39,0.43,67.08,18.05
5.39,0.43,67.23,18.06
5.4,0.43,67.38,18.07
5.4,0.43,67.54,18.08
5.4,0.43,67.69,18.09
5.41,0.43,67.84,18.1
5.41,0.43,67.99,18.11
5.41,0.43,68.14,18.12
5.41,0.43,68.3,18.13
5.42,0.43,68.45,18.14
5.42,0.43,68.6,18.15
5.42,0.43,68.76,18.16
5.43,0.43,68.91,18.17
5.43,0.43,69.06,18.18
5.43,0.43,69.22,18.19
5.43,0.43,69.37,18.2
5.44,0.43,69.53,18.21
5.44,0.42,69.69,18.22
5.44,0.42,69.84,18.23
5.45,0.42,70,18.24
5.45,0.42,70.15,18.25
5.45,0.42,70.31,18.26
5.45,0.42,70.47,18.27
5.46,0.42,70.63,18.28
5.46,0.42,70.79,18.29
5.46,0.42,70.94,18.3
5.47,0.42,71.1,18.31
5.47,0.42,71.26,18.32
5.47,0.42,71.42,18.33
5.47,0.42,71.58,18.34
5.48,0.42,71.74,18.35
5.48,0.42,71.9,18.36
5.48,0.42,72.06,18.37
5.49,0.42,72.23,18.38
5.49,0.42,72.39,18.39
5.49,0.42,72.55,18.4
5.49,0.42,72.71,18.41
5.5,0.41,72.88,18.42
5.5,0.41,73.04,18.43
5.5,0.41,73.2,18.44
5.51,0.41,73.37,18.45
5.51,0.41,73.53,18.46
5.51,0.41,73.7,18.47
5.51,0.41,73.86,18.48
5.52,0.41,74.03,18.49
5.52,0.41,74.19,18.5
5.52,0.41,74.36,18.51
5.53,0.41,74.53,18.52
5.53,0.41,74.69,18.53
5.53,0.41,74.86,18.54
5.53,0.41,75.03,18.55
5.54,0.41,75.2,18.56
5.54,0.41,75.36,18.57
5.54,0.41,75.53,18.58
5.55,0.41,75.7,18.59
5.55,0.41,75.87,18.6
5.55,0.41,76.04,18.61
5.55,0.4,76.21,18.62
5.56,0.4,76.38,18.63
5.56,0.4,76.55,18.64
5.56,0.4,76.73,18.65
5.57,0.4,76.9,18.66
5.57,0.4,77.07,18.67
5.57,0.4,77.24,18.68
5.57,0.4,77.42,18.69
5.58,0.4,77.59,18.7
5.58,0.4,77.76,18.71
5.58,0.4,77.94,18.72
5.59,0.4,78.11,18.73
5.59,0.4,78.29,18.74
5.59,0.4,78.46,18.75
5.59,0.4,78.64,18.76
5.6,0.4,78.82,18.77
5.6,0.4,78.99,18.78
5.6,0.4,79.17,18.79
5.61,0.4,79.35,18.8
5.61,0.4,79.52,18.81
5.61,0.4,79.7,18.82
5.61,0.39,79.88,18.83
5.62,0.39,80.06,18.84
5.62,0.39,80.24,18.85
5.62,0.39,80.42,18.86
5.63,0.39,80.6,18.87
5.63,0.39,80.78,18.88
5.63,0.39,80.96,18.89
5.64,0.39,81.14,18.9
5.64,0.39,81.33,18.91
5.64,0.39,81.51,18.92
5.64,0.39,81.69,18.93
5.65,0.39,81.87,18.94
5.65,0.39,82.06,18.95
5.65,0.39,82.24,18.96
5.66,0.39,82.43,18.97
5.66,0.39,82.61,18.98
5.66,0.39,82.8,18.99
5.66,0.39,82.98,19
5.67,0.39,83.17,19.01
5.67,0.39,83.35,19.02
5.67,0.39,83.54,19.03
5.68,0.38,83.73,19.04
5.68,0.38,83.92,19.05
5.68,0.38,84.1,19.06
5.69,0.38,84.29,19.07
5.69,0.38,84.48,19.08
5.69,0.38,84.67,19.09
5.69,0.38,84.86,19.1
5.7,0.38,85.05,19.11
5.7,0.38,85.24,19.12
5.7,0.38,85.43,19.13
5.71,0.38,85.62,19.14
5.71,0.38,85.82,19.15
5.71,0.38,86.01,19.16
5.71,0.38,86.2,19.17
5.72,0.38,86.39,19.18
5.72,0.38,86.59,19.19
5.72,0.38,86.78,19.2
5.73,0.38,86.98,19.21
5.73,0.38,87.17,19.22
5.73,0.38,87.37,19.23
5.74,0.38,87.56,19.24
5.74,0.38,87.76,19.25
5.74,0.37,87.96,19.26
5.74,0.37,88.15,19.27
5.75,0.37,88.35,19.28
5.75,0.37,88.55,19.29
5.75,0.37,88.75,19.3
5.76,0.37,88.95,19.31
5.76,0.37,89.15,19.32
5.76,0.37,89.35,19.33
5.77,0.37,89.55,19.34
5.77,0.37,89.75,19.35
5.77,0.37,89.95,19.36
5.77,0.37,90.15,19.37
5.78,0.37,90.35,19.38
5.78,0.37,90.56,19.39
5.78,0.37,90.76,19.4
5.79,0.37,90.96,19.41
5.79,0.37,91.17,19.42
5.79,0.37,91.37,19.43
5.8,0.37,91.58,19.44
5.8,0.37,91.78,19.45
5.8,0.37,91.99,19.46
5.8,0.37,92.19,19.47
5.81,0.37,92.4,19.48
5.81,0.36,92.61,19.49
5.81,0.36,92.81,19.5
5.82,0.36,93.02,19.51
5.82,0.36,93.23,19.52
5.82,0.36,93.44,19.53
5.83,0.36,93.65,19.54
5.83,0.36,93.86,19.55
5.83,0.36,94.07,19.56
5.83,0.36,94.28,19.57
5.84,0.36,94.49,19.58
5.84,0.36,94.71,19.59
5.84,0.36,94.92,19.6
5.85,0.36,95.13,19.61
5.85,0.36,95.34,19.62
5.85,0.36,95.56,19.63
5.86,0.36,95.77,19.64
5.86,0.36,95.99,19.65
5.86,0.36,96.2,19.66
5.87,0.36,96.42,19.67
5.87,0.36,96.63,19.68
5.87,0.36,96.85,19.69
5.87,0.36,97.07,19.7
5.88,0.36,97.29,19.71
5.88,0.35,97.5,19.72
5.88,0.35,97.72,19.73
5.89,0.35,97.94,19.74
5.89,0.35,98.16,19.75
5.89,0.35,98.38,19.76
5.9,0.35,98.6,19.77
5.9,0.35,98.82,19.78
5.9,0.35,99.05,19.79
5.91,0.35,99.27,19.8
5.91,0.35,99.49,19.81
5.91,0.35,99.71,19.82
5.91,0.35,99.94,19.83
5.92,0.35,100.16,19.84
5.92,0.35,100.39,19.85
5.92,0.35,100.61,19.86
5.93,0.35,100.84,19.87
5.93,0.35,101.06,19.88
5.93,0.35,101.29,19.89
5.94,0.35,101.52,19.9
5.94,0.35,101.74,19.91
5.94,0.35,101.97,19.92
5.95,0.35,102.2,19.93
5.95,0.35,102.43,19.94
5.95,0.35,102.66,19.95
5.95,0.34,102.89,19.96
5.96,0.34,103.12,19.97
5.96,0.34,103.35,19.98
5.96,0.34,103.58,19.99
5.97,0.34,103.82,20
